City_ID,City,Lat,Lng,Max Temp,Humidity,Cloudiness,Wind Speed,Country,Date
0,adamstown,-25.066,-130.1015,22.38,78,100,3.88,PN,1683408182
1,puerto natales,-51.7236,-72.4875,7.31,72,9,3.78,CL,1683408182
2,nola,40.922,14.5329,17.57,85,2,0.75,IT,1683408183
3,kodiak,57.79,-152.4072,5.73,81,100,3.09,US,1683408270
4,waitangi,-43.9535,-176.5597,15.46,93,100,1.79,NZ,1683408270
5,punta arenas,-53.15,-70.9167,8.06,71,20,7.72,CL,1683408271
6,port-aux-francais,-49.35,70.2167,4.36,60,77,13.22,TF,1683408271
7,jamestown,42.097,-79.2353,18.8,45,0,3.6,US,1683407975
8,edinburgh of the seven seas,-37.0676,-12.3116,15.51,74,100,6.64,SH,1683408272
9,invercargill,-46.4,168.35,8.34,95,36,1.34,NZ,1683408273
10,petropavlovsk-kamchatsky,53.0452,158.6483,4.33,56,40,7.0,RU,1683408273
11,enewetak,11.3474,162.3373,27.42,82,90,8.07,MH,1683408072
12,puerto ayora,-0.7393,-90.3518,30.98,91,96,2.68,EC,1683408274
13,port mathurin,-19.6833,63.4167,25.96,71,50,8.52,MU,1683408274
14,remire-montjoly,4.9167,-52.2667,28.02,78,75,3.6,GF,1683408275
15,klyuchi,52.2667,79.1667,14.09,35,2,3.45,RU,1683408275
16,longyearbyen,78.2186,15.6401,-1.09,80,75,2.06,SJ,1683408276
17,pachino,36.7186,15.0907,16.72,75,0,3.5,IT,1683408276
18,albany,42.6001,-73.9662,21.58,37,34,4.46,US,1683408218
19,sandnessjoen,66.0217,12.6316,5.92,58,99,0.45,NO,1683408277
20,talnakh,69.4865,88.3972,-18.87,98,74,0.77,RU,1683408278
21,nogliki,51.8333,143.1667,1.86,74,100,3.2,RU,1683408278
22,grytviken,-54.2811,-36.5092,4.16,80,100,7.33,GS,1683408279
23,atafu village,-8.5421,-172.5159,29.0,73,0,6.14,TK,1683408279
24,vanimo,-2.6741,141.3028,25.83,89,71,1.65,PG,1683408280
25,smithers,54.7804,-127.1743,12.18,71,100,4.12,CA,1683408280
26,bethel,41.3712,-73.414,22.8,37,0,3.6,US,1683408280
27,sellersburg,38.3981,-85.755,25.83,57,79,1.79,US,1683408281
28,san patricio,28.017,-97.5169,31.77,63,100,7.91,US,1683408281
29,blackmans bay,-43.0167,147.3167,3.18,88,36,2.95,AU,1683408282
30,katima mulilo,-17.5,24.2667,18.83,41,94,2.82,NA,1683408282
31,rimouski,48.4488,-68.524,19.1,68,42,1.58,CA,1683407882
32,kristiansund,63.1115,7.732,9.03,56,49,1.54,NO,1683408283
33,cabedelo,-6.9811,-34.8339,26.37,77,13,5.1,BR,1683408284
34,arvika,59.6553,12.5852,3.34,58,50,1.17,SE,1683408284
35,chinchilla,-26.75,150.6333,15.99,74,100,5.11,AU,1683408285
36,bredasdorp,-34.5322,20.0403,15.41,86,81,1.27,ZA,1683408285
37,dawei,14.0833,98.2,27.64,79,100,0.93,MM,1683408286
38,amahai,-3.3333,128.9167,26.11,87,78,1.74,ID,1683408286
39,porto novo,6.4965,2.6036,27.76,77,100,3.39,BJ,1683408277
40,ushuaia,-54.8,-68.3,5.81,70,40,5.66,AR,1683408287
41,pisco,-13.7,-76.2167,23.03,73,100,4.63,PE,1683408287
42,tahe,52.3333,124.7333,3.19,48,5,1.77,CN,1683408288
43,ciudad lazaro cardenas,17.9583,-102.2,31.22,55,2,5.22,MX,1683408288
44,avarua,-21.2078,-159.775,28.03,89,86,2.57,CK,1683408289
45,trat,12.5,102.5,26.1,91,100,0.88,TH,1683408289
46,el bauga,18.262,33.9081,31.91,12,50,8.8,SD,1683408290
47,pandan,14.0453,124.1694,26.01,87,8,3.01,PH,1683408290
48,yellowknife,62.456,-114.3525,19.29,34,0,8.23,CA,1683408291
49,ust-nera,64.5667,143.2,-2.79,80,96,2.09,RU,1683408291
50,dampit,-8.2116,112.7493,21.96,97,94,1.03,ID,1683408291
51,huetamo de nunez,18.5833,-100.8833,44.29,13,0,1.35,MX,1683408292
52,margaret river,-33.95,115.0667,12.52,89,100,5.97,AU,1683408293
53,wakkanai,45.4094,141.6739,5.26,69,1,3.63,JP,1683408293
54,port saint john's,-31.6229,29.5448,19.95,87,100,3.39,ZA,1683408294
55,saipan,15.1355,145.701,27.58,100,75,6.17,MP,1683408294
56,tolanaro,-25.0319,46.9987,21.01,92,81,5.8,MG,1683408294
57,mount pearl,47.5166,-52.7813,3.86,91,100,5.14,CA,1683408295
58,puerto aysen,-45.4,-72.7,11.49,90,15,1.65,CL,1683408295
59,leiston,52.2061,1.5776,13.01,97,100,4.16,GB,1683408296
60,nyurba,63.2842,118.3319,-0.77,96,91,5.38,RU,1683408296
61,alice springs,-23.7,133.8833,8.75,71,80,5.73,AU,1683408257
62,kachug,53.9606,105.8817,5.78,89,78,2.25,RU,1683408297
63,weno,7.4515,151.8468,28.97,79,100,2.57,FM,1683408297
64,kourou,5.1552,-52.6478,28.03,80,100,3.47,GF,1683408298
65,east london,-33.0153,27.9116,18.46,77,87,4.89,ZA,1683408051
66,stanley,54.868,-1.6985,13.07,90,20,1.54,GB,1683408298
67,dudinka,69.4058,86.1778,-21.27,100,100,0.37,RU,1683408299
68,garoowe,8.4054,48.4845,29.42,55,100,6.02,SO,1683408300
69,shubarkuduk,49.1447,56.4872,13.82,33,99,1.16,KZ,1683408300
70,keflavik,64.0049,-22.5624,11.95,87,75,1.03,IS,1683408301
71,revda,56.801,59.9303,12.76,47,21,3.77,RU,1683408301
72,zemio,5.0314,25.1361,22.71,68,88,2.18,CF,1683408301
73,yuzhno-kurilsk,44.0306,145.8556,2.39,79,100,2.61,RU,1683408302
74,hithadhoo,-0.6,73.0833,28.43,75,100,8.36,MV,1683408302
75,papatowai,-46.5619,169.4708,10.9,94,18,2.26,NZ,1683408303
76,carnarvon,-24.8667,113.6333,21.26,71,11,4.75,AU,1683408303
77,forster,-32.1667,152.5167,8.54,100,1,2.23,AU,1683408304
78,santa cruz,-17.8,-63.1667,18.03,82,100,1.03,BO,1683408106
79,olovyannaya,50.95,115.5667,5.45,46,5,3.36,RU,1683408304
80,udachny,66.4167,112.4,-10.52,86,75,7.02,RU,1683408305
81,begamganj,23.6,78.3333,29.5,33,89,3.01,IN,1683408305
82,anadyr,64.75,177.4833,-0.72,69,20,3.0,RU,1683408306
83,hawaiian paradise park,19.5933,-154.9731,26.73,70,40,5.14,US,1683408069
84,happy valley-goose bay,53.3168,-60.3315,13.17,41,100,8.75,CA,1683408306
85,georgetown,5.4112,100.3354,26.97,89,20,2.06,MY,1683408253
86,cochrane,51.1834,-114.4687,12.7,59,100,7.72,CA,1683408307
87,villa mercedes,-33.6757,-65.4578,19.12,32,2,2.66,AR,1683408079
88,ribeira grande,38.5167,-28.7,18.21,95,100,9.39,PT,1683408308
89,zaraza,9.3503,-65.3245,35.5,30,100,3.5,VE,1683408308
90,howrah,22.5892,88.3103,29.0,84,20,4.12,IN,1683408309
91,mejit,10.2753,170.8646,27.42,81,91,8.14,MH,1683408309
92,hobyo,5.3505,48.5268,27.89,83,100,9.38,SO,1683408310
93,linxia chengguanzhen,35.6003,103.2064,7.43,78,100,2.25,CN,1683408310
94,hafar al-batin,28.4328,45.9708,28.32,30,40,6.17,SA,1683408310
95,touros,-5.1989,-35.4608,26.66,74,20,5.95,BR,1683408311
96,karkira,36.9292,6.5856,19.42,69,100,2.48,DZ,1683408311
97,bardai,11.65,7.2333,29.0,36,100,3.53,NG,1683408312
98,susuman,62.7833,148.1667,-4.4,79,27,0.81,RU,1683408312
99,iqaluit,63.7506,-68.5145,-0.15,74,20,12.86,CA,1683408313
100,kone,-21.0595,164.8658,23.07,77,0,0.81,NC,1683408314
101,ugoofaaru,5.6667,73.0,29.0,75,100,7.72,MV,1683408314
102,port dickson,2.5228,101.7959,25.92,81,100,5.32,MY,1683408315
103,kannangad,12.3081,75.1063,27.39,74,100,1.55,IN,1683408315
104,port lincoln,-34.7333,135.8667,12.22,62,78,4.62,AU,1683408316
105,sungailiat,-1.85,106.1333,26.09,86,100,2.72,ID,1683408316
106,road town,18.4167,-64.6167,29.05,74,40,5.14,VG,1683408121
107,wailua homesteads,22.0669,-159.378,25.44,66,100,9.26,US,1683408317
108,wynyard,-41.0,145.7167,3.32,68,1,3.04,AU,1683408317
109,bilibino,68.0546,166.4372,-3.83,92,100,1.42,RU,1683408318
110,shanwei,22.782,115.3475,26.06,91,100,2.83,CN,1683408318
111,ilulissat,69.2167,-51.1,0.01,86,100,3.09,GL,1683408319
112,whitehorse,60.7161,-135.0538,13.23,39,75,4.12,CA,1683408319
113,polyarnyy,69.1989,33.4478,-3.11,93,32,2.09,RU,1683408320
114,ko pha ngan,9.7578,100.0291,27.32,75,93,5.55,TH,1683408320
115,tiksi,71.6872,128.8694,-15.88,99,93,2.3,RU,1683408321
116,new norfolk,-42.7826,147.0587,3.84,81,7,0.45,AU,1683408321
117,grand falls-windsor,48.9332,-55.6649,3.06,84,99,1.79,CA,1683408322
118,kresek,-6.1314,106.3797,26.98,86,82,1.7,ID,1683408322
119,sitka,57.0531,-135.33,9.94,62,75,4.12,US,1683408322
120,kuqa,41.7278,82.9364,7.25,47,85,1.71,CN,1683408323
121,borgarnes,64.5383,-21.9206,12.03,67,91,3.58,IS,1683408324
122,isafjordur,66.0755,-23.124,6.28,90,100,2.56,IS,1683408324
123,temiskaming shores,47.4938,-79.7153,17.89,40,82,1.69,CA,1683408159
124,gazojak,41.1875,61.4036,15.96,52,61,2.49,TM,1683408326
125,codrington,-38.2667,141.9667,8.76,66,69,6.42,AU,1683408326
126,vorgashor,67.5833,63.95,-11.23,95,99,3.32,RU,1683408327
127,murzuq,25.9155,13.9184,23.34,19,0,3.28,LY,1683408327
128,itoman,26.1247,127.6694,25.22,88,40,7.2,JP,1683408327
129,namsos,64.4662,11.4957,3.95,70,98,1.03,NO,1683408328
130,nouadhibou,20.931,-17.0347,21.99,64,0,9.77,MR,1683408328
131,mek'ele,13.4967,39.4753,19.08,67,79,3.2,ET,1683408329
132,ancud,-41.8697,-73.8203,11.73,95,100,3.08,CL,1683408329
133,san juan de miraflores,-12.1629,-76.9635,23.29,80,49,3.46,PE,1683408329
134,concordia,-31.393,-58.0209,18.04,86,100,4.12,AR,1683408055
135,kingston,17.997,-76.7936,29.56,93,87,1.79,JM,1683408081
136,nova vicosa,-17.8919,-39.3719,24.56,76,0,4.71,BR,1683408331
137,guerrero negro,27.9769,-114.0611,19.11,54,7,8.74,MX,1683408331
138,rumoi,43.9344,141.6428,5.68,69,46,1.11,JP,1683408331
139,san antonio de pale,-1.4014,5.6325,27.95,73,100,1.45,GQ,1683408332
140,castillos,-34.1667,-53.8333,19.07,98,100,3.74,UY,1683408332
141,olonkinbyen,70.9221,-8.7187,-0.83,95,100,5.29,SJ,1683408322
142,qaqortoq,60.7167,-46.0333,2.81,79,81,1.81,GL,1683408333
143,broken hill,-31.95,141.4333,5.27,78,2,5.17,AU,1683408226
144,port alfred,-33.5906,26.891,15.1,92,43,1.34,ZA,1683408334
145,afaahiti,-17.75,-149.2833,28.93,80,69,8.16,PF,1683408199
146,vadso,70.0744,29.7487,1.49,86,63,1.03,NO,1683408334
147,as sulayyil,20.4607,45.5779,30.14,16,2,4.87,SA,1683408335
148,west island,-12.1568,96.8225,26.99,94,75,2.06,CC,1683408336
149,malango,-2.9627,119.9001,19.34,98,89,0.84,ID,1683408336
150,flying fish cove,-10.4217,105.6791,26.82,89,75,3.09,CX,1683408336
151,villarrobledo,39.2699,-2.6012,18.28,30,86,2.78,ES,1683408337
152,ust'-kut,56.7938,105.7672,-2.4,99,20,1.54,RU,1683408337
153,taiobeiras,-15.8078,-42.2331,22.51,51,12,4.85,BR,1683408076
154,vernon,50.2581,-119.2691,14.2,76,100,3.58,CA,1683408338
155,caleta de carquin,-11.0925,-77.6267,23.88,76,16,6.0,PE,1683408338
156,camana,-16.6228,-72.7111,21.2,77,78,4.13,PE,1683408339
157,severo-yeniseyskiy,60.3725,93.0408,-2.25,98,96,1.66,RU,1683408339
158,luderitz,-26.6481,15.1594,13.31,82,0,2.78,NA,1683408340
159,oamaru,-45.0784,170.9801,9.65,92,100,2.57,NZ,1683408340
160,ibotirama,-12.1853,-43.2206,29.91,36,67,1.74,BR,1683408202
161,igrim,63.1906,64.4162,3.81,99,100,3.0,RU,1683408341
162,faya-largeau,17.9257,19.1043,29.63,17,0,5.89,TD,1683408341
163,bargaal,11.2864,51.0773,28.71,79,100,0.96,SO,1683408342
164,badger,64.8,-147.5333,10.93,42,75,5.14,US,1683408342
165,sao gabriel da cachoeira,-0.1303,-67.0892,29.05,67,84,0.53,BR,1683408342
166,wenxing,28.6667,112.8833,14.38,89,100,6.93,CN,1683408343
167,mount isa,-20.7333,139.5,18.87,30,99,5.66,AU,1683408343
168,semnan,35.5729,53.3971,19.09,27,0,1.47,IR,1683408344
169,pimentel,-6.8367,-79.9342,28.16,61,75,8.23,PE,1683408344
170,kuching,1.55,110.3333,27.23,94,20,0.89,MY,1683408345
171,freetown,8.484,-13.2299,26.82,86,86,3.06,SL,1683408345
172,yreka,41.7354,-122.6345,12.1,58,20,1.54,US,1683408345
173,micheweni,-4.9667,39.8333,25.73,85,12,4.52,TZ,1683408346
174,barah,13.7,30.3667,30.68,7,11,4.05,SD,1683408347
175,noumea,-22.2763,166.4572,24.44,99,30,2.17,NC,1683408347
176,levuka,50.1834,-105.4011,15.9,47,100,7.62,CA,1683408347
177,piacabucu,-10.4056,-36.4344,25.56,79,1,2.19,BR,1683408348
178,mpika,-11.8343,31.4529,12.96,71,0,1.28,ZM,1683408348
179,queenstown,-31.8976,26.8753,15.05,71,82,2.12,ZA,1683408349
180,belmonte,-15.8631,-38.8828,25.18,77,0,5.09,BR,1683408349
181,praia da vitoria,38.7333,-27.0667,19.14,88,40,10.01,PT,1683408350
182,sultanah,24.4926,39.5857,32.25,12,0,3.09,SA,1683408350
183,puerto baquerizo moreno,-0.9,-89.6,27.55,89,40,3.6,EC,1683408350
184,vila velha,-20.3297,-40.2925,24.97,85,40,2.57,BR,1683408351
185,hermanus,-34.4187,19.2345,14.89,88,99,3.15,ZA,1683408351
186,buta,2.7858,24.73,21.7,97,100,1.34,CD,1683408352
187,myrina,39.8797,25.0742,16.58,67,20,6.69,GR,1683408352
188,inirida,3.8653,-67.9239,31.2,63,87,1.21,CO,1683408352
189,margate,51.3813,1.3862,14.61,85,100,0.89,GB,1683408353
190,melekeok village,7.4957,134.6367,24.31,100,100,2.57,PW,1683408353
191,oodweyne,9.4092,45.064,25.12,64,91,4.19,SO,1683408354
192,lihue,21.9789,-159.3672,25.97,66,100,9.26,US,1683408354
193,skovorodino,53.9833,123.9167,3.26,69,15,1.37,RU,1683408354
194,north bend,43.4065,-124.2243,14.58,83,100,7.2,US,1683408355
195,malita,6.415,125.6117,26.21,88,100,0.95,PH,1683408355
196,constitucion,-35.3333,-72.4167,14.31,80,3,2.52,CL,1683408057
197,gaspe,48.8334,-64.4819,15.12,21,40,3.09,CA,1683408356
198,fale old settlement,-9.3852,-171.2468,28.89,77,8,6.45,TK,1683408356
199,puerto colombia,10.9878,-74.9547,30.05,80,38,10.34,CO,1683408357
200,yarmouth,41.7057,-70.2286,24.26,47,0,5.66,US,1683408357
201,thompson,55.7435,-97.8558,16.09,33,40,2.57,CA,1683408323
202,salalah,17.0151,54.0924,28.05,78,20,1.54,OM,1683408358
203,kalmunai,7.4167,81.8167,25.91,84,100,1.61,LK,1683408358
204,neryungri,56.6709,124.6491,-2.21,91,80,1.95,RU,1683408359
205,dryden,49.7833,-92.7503,11.16,71,100,6.17,CA,1683408359
206,benguela,-12.5763,13.4055,25.5,85,28,1.95,AO,1683408360
207,verkhnevilyuysk,63.4453,120.3167,1.0,88,100,4.95,RU,1683408360
208,roccella ionica,38.322,16.4009,16.51,70,4,2.41,IT,1683408361
209,aykhal,66.0,111.5,-11.05,94,99,9.4,RU,1683408361
210,yorkton,51.2167,-102.4677,16.91,31,20,10.29,CA,1683408361
211,anqing,30.5092,117.0506,15.4,91,100,3.24,CN,1683408362
212,yeniseysk,58.4497,92.1703,2.03,93,98,1.22,RU,1683408362
213,timoteo,-19.5825,-42.6444,20.48,73,69,0.42,BR,1683408363
214,buka,40.8108,69.1986,12.57,68,86,1.48,UZ,1683408363
215,arraial do cabo,-22.9661,-42.0278,23.98,83,0,2.57,BR,1683408364
216,casino,-28.8667,153.05,15.43,77,100,1.43,AU,1683408364
217,lebu,-37.6167,-73.65,13.23,85,35,6.41,CL,1683408190
218,chiredzi,-21.05,31.6667,18.02,63,0,1.89,ZW,1683408365
219,kodinsk,58.6881,99.1844,-1.81,98,53,1.42,RU,1683408365
220,ciudad bolivar,8.1222,-63.5497,34.03,38,77,8.33,VE,1683408366
221,hamilton,39.1834,-84.5333,25.15,52,100,4.63,US,1683407842
222,ulladulla,-35.35,150.4667,10.59,87,97,4.32,AU,1683408367
223,la'ie,21.6477,-157.9253,27.98,71,99,9.51,US,1683408367
224,lensk,60.7253,114.9278,0.18,92,100,6.11,RU,1683408367
225,novyy turtkul',41.55,61.0167,10.95,56,59,1.83,UZ,1683408368
226,kuloy,61.0305,42.4925,-1.69,86,100,3.92,RU,1683408368
227,lejanias,3.5251,-74.0216,24.98,85,92,1.36,CO,1683408369
228,qarazhal,48.0078,70.7903,13.54,36,2,4.03,KZ,1683408369
229,ceeldheer,3.8488,47.1806,27.46,82,100,6.53,SO,1683408370
230,nordhausen,51.5167,10.8,10.94,94,100,2.27,DE,1683408370
231,kindu,-2.95,25.95,22.01,95,97,1.08,CD,1683408370
232,tarko-sale,64.9225,77.785,-0.33,89,100,4.19,RU,1683408371
233,tazacorte,28.629,-17.9293,21.54,87,0,8.23,ES,1683408371
234,bijie,27.3125,105.2942,14.09,92,100,1.81,CN,1683408372
235,xindi,29.8167,113.4667,13.89,78,100,5.53,CN,1683408372
236,bulungu,-4.55,18.6,22.46,94,54,0.94,CD,1683408373
237,zaozhuang,34.8647,117.5542,15.2,47,100,2.56,CN,1683408373
238,jamaame,0.0697,42.745,26.2,81,2,3.19,SO,1683408374
239,ouarzazat,30.9189,-6.8934,24.16,25,0,6.17,MA,1683408374
240,port elizabeth,-33.918,25.5701,17.16,83,0,5.66,ZA,1683408375
241,knokke,50.7979,3.3628,16.15,77,100,0.75,BE,1683408375
242,yonggwang-up,40.0183,127.4547,10.31,67,100,1.99,KP,1683408376
243,utrik,11.2278,169.8474,27.18,78,97,7.59,MH,1683408376
244,auki,-8.7676,160.7034,27.0,85,43,1.25,SB,1683408377
245,kapa'a,22.0752,-159.319,26.38,66,100,9.26,US,1683408377
246,chifeng,42.2683,118.9636,8.72,32,1,5.72,CN,1683408378
247,hammerfest,70.6634,23.6821,2.25,69,100,2.57,NO,1683408379
248,tynda,55.1667,124.7167,0.05,87,16,0.4,RU,1683408379
249,fuxin,42.0156,121.6589,11.7,34,93,6.5,CN,1683408380
250,port-vila,-17.7338,168.3219,26.78,78,75,0.51,VU,1683408380
251,thunder bay,48.4001,-89.3168,5.99,100,100,7.72,CA,1683408341
252,jiaojiang,28.6803,121.4428,18.89,94,100,3.42,CN,1683408381
253,cortez,37.3489,-108.5859,18.35,22,0,4.63,US,1683408382
254,kerikeri,-35.2268,173.9474,18.16,94,100,4.35,NZ,1683408382
255,valparaiso,-33.0393,-71.6273,16.8,67,0,2.57,CL,1683408383
256,tura,25.5198,90.2201,22.8,69,1,2.33,IN,1683408383
257,selfoss,63.9331,-20.9971,10.02,73,100,3.8,IS,1683408383
258,dumai,1.6833,101.45,23.74,97,100,2.58,ID,1683408384
259,kerema,-7.9631,145.7785,25.49,87,100,2.28,PG,1683408199
260,calama,-22.4667,-68.9333,21.27,16,0,10.29,CL,1683408385
261,umag,45.4314,13.5239,19.01,73,72,4.12,HR,1683408385
262,inhambane,-23.865,35.3833,21.99,79,0,3.1,MZ,1683408385
263,zaragoza,41.6561,-0.8773,20.25,60,0,4.12,ES,1683408119
264,isiolo,0.3546,37.5822,19.92,79,60,3.86,KE,1683408386
265,akureyri,65.6835,-18.0878,6.96,81,20,4.63,IS,1683408387
266,nacozari de garcia,30.3742,-109.6908,27.75,8,64,8.09,MX,1683408387
267,negombo,7.2083,79.8358,26.03,100,40,0.51,LK,1683408387
268,fort pierce,27.4467,-80.3256,27.01,83,100,8.49,US,1683408388
269,robertsport,6.7533,-11.3686,27.72,83,41,4.91,LR,1683408388
270,katsuura,35.1333,140.3,20.54,87,100,12.6,JP,1683408389
271,saint-pierre,-21.3393,55.4781,23.82,78,100,2.57,RE,1683408389
272,fomboni,-12.28,43.7425,27.74,68,15,6.12,KM,1683408389
273,novyy urengoy,66.0833,76.6333,-6.54,94,100,2.7,RU,1683408390
274,carutapera,-1.195,-46.02,26.08,83,39,3.8,BR,1683408390
275,sinabang,2.4803,96.3801,26.28,86,100,7.32,ID,1683408391
276,al hilaliyya,14.9398,33.234,34.82,10,4,3.91,SD,1683408391
277,fort st. john,56.2499,-120.8529,19.94,24,40,9.26,CA,1683408392
278,erdenet,49.0333,104.0833,4.92,32,97,1.24,MN,1683408392
279,landeck,47.1301,10.5636,14.41,85,100,0.82,AT,1683408393
280,sur,22.5667,59.5289,28.54,58,0,5.06,OM,1683408393
281,rawson,-43.3002,-65.1023,18.72,44,5,4.05,AR,1683408394
282,kidal,18.4411,1.4078,35.38,8,42,4.56,ML,1683408394
283,sandikli,38.4647,30.2695,9.5,89,100,2.18,TR,1683408394
284,skowhegan,44.7651,-69.7192,24.31,49,75,4.14,US,1683408395
285,mizdah,31.4451,12.9801,21.78,26,4,3.39,LY,1683408395
286,tabuk,17.4189,121.4443,23.94,80,1,1.65,PH,1683408396
287,canutama,-6.5339,-64.3831,25.56,93,95,0.96,BR,1683408396
288,esfarayen,37.0765,57.5101,7.81,42,0,1.57,IR,1683408397
289,rampachodavaram,17.45,81.7667,26.1,85,85,0.65,IN,1683408397
290,reggane,26.7158,0.1714,35.23,6,100,1.39,DZ,1683408397
291,val-d'or,48.1002,-77.7828,19.05,27,75,2.57,CA,1683408398
292,ekibastuz,51.6667,75.3667,14.91,26,11,2.4,KZ,1683408398
293,sechenovo,55.2244,45.8906,1.91,67,1,4.32,RU,1683408399
294,fort morgan,40.2503,-103.8,23.36,16,0,4.12,US,1683408107
295,porto murtinho,-21.6989,-57.8825,24.22,73,100,3.62,BR,1683408400
296,wainwright,52.839,-110.8572,12.42,52,79,8.33,CA,1683408400
297,puerto cabezas,14.0351,-83.3888,30.98,74,20,6.17,NI,1683408400
298,st. john's,47.5649,-52.7093,4.32,91,100,5.14,CA,1683408195
299,mahajanga,-15.7167,46.3167,25.01,83,20,1.03,MG,1683408401
300,rethymno,35.3647,24.4714,17.89,77,12,5.66,GR,1683408402
301,dalbandin,28.8947,64.4101,23.71,11,0,1.32,PK,1683408402
302,cabo san lucas,22.8909,-109.9124,28.17,53,75,3.09,MX,1683408251
303,talara,-4.5772,-81.2719,29.42,65,0,1.54,PE,1683408403
304,palikir - national government center,6.9248,158.1611,27.41,94,100,0.0,FM,1683408404
305,argo,37.6333,22.7333,15.99,60,41,2.11,GR,1683408404
306,uturoa,-16.7333,-151.4333,27.75,77,100,8.48,PF,1683408404
307,sassandra,4.95,-6.0833,27.26,83,22,4.45,CI,1683408405
308,khorixas,-20.3667,14.9667,19.74,46,20,2.32,NA,1683408405
309,nishinoomote,30.7333,131.0,21.54,93,100,5.6,JP,1683408406
310,correntina,-13.3433,-44.6367,25.8,39,0,2.28,BR,1683408406
311,commentry,46.2921,2.7416,15.93,83,99,1.19,FR,1683408406
312,plettenberg bay,-34.0527,23.3716,15.29,79,1,3.05,ZA,1683408407
313,traralgon,-38.1833,146.5333,4.68,98,100,1.82,AU,1683408407
314,chela,34.069,104.4619,6.7,92,100,1.22,CN,1683408408
315,haenam,34.5711,126.5989,12.77,86,100,5.12,KR,1683408408
316,oranjemund,-28.55,16.4333,12.75,89,0,2.83,NA,1683408409
317,parkersburg,39.2667,-81.5615,25.86,28,0,3.6,US,1683408409
318,carauari,-4.8828,-66.8958,26.13,85,100,1.25,BR,1683408409
319,butterworth,5.3991,100.3638,27.03,89,20,2.06,MY,1683408410
320,rio grande,-32.035,-52.0986,19.06,99,100,3.93,BR,1683408410
321,kaifeng,34.7911,114.3483,14.58,45,100,4.18,CN,1683408411
322,shalqar,47.8333,59.6,15.98,23,100,2.22,KZ,1683408412
323,kampene,-3.6,26.6667,20.98,98,48,0.6,CD,1683408412
324,aasiaat,68.7098,-52.8699,-0.71,94,100,2.31,GL,1683408412
325,sierra grande,-41.606,-65.3557,22.72,25,0,4.47,AR,1683408413
326,villa gesell,-37.2639,-56.973,17.81,97,100,7.14,AR,1683408413
327,rawai,7.7797,98.3253,27.06,77,100,5.14,TH,1683408414
328,ust'-talovka,50.5493,81.85,10.25,61,0,1.43,KZ,1683408414
329,minot,48.2325,-101.2963,18.12,39,0,8.23,US,1683408415
330,mili,6.0815,171.735,28.23,79,34,5.79,MH,1683408415
331,dingwall,57.5953,-4.4272,12.73,87,100,0.6,GB,1683408416
332,astrakhan,46.3497,48.0408,12.93,93,0,2.0,RU,1683408142
333,dalandzadgad,43.5708,104.425,8.51,31,90,4.26,MN,1683408416
334,kankaanpaa,61.8,22.4167,1.42,66,83,1.75,FI,1683408417
335,namibe,-15.1961,12.1522,22.75,74,14,3.96,AO,1683408417
336,kargasok,59.0556,80.8572,11.1,85,67,3.59,RU,1683408418
337,yerofey pavlovich,53.9667,121.9667,1.82,60,8,0.86,RU,1683408418
338,nyandoma,61.669,40.1991,-2.34,80,100,3.06,RU,1683408418
339,dien bien phu,21.3833,103.0167,24.26,65,2,0.51,VN,1683408419
340,sao jose da coroa grande,-8.8978,-35.1478,25.65,75,1,2.89,BR,1683408419
341,coahuayana de hidalgo,18.7,-103.6583,33.65,43,0,3.63,MX,1683408420
342,solnechnyy,50.7214,136.6319,5.92,54,17,0.7,RU,1683408420
343,al kharijah,25.4514,30.5464,22.66,29,0,4.49,EG,1683408420
344,filadelfia,39.9523,-75.1638,23.52,36,40,3.6,US,1683408421
345,guatrache,-37.6678,-63.5302,13.35,57,100,2.14,AR,1683408421
346,saint-francois,46.4154,3.9054,16.69,72,0,1.03,FR,1683408422
347,penafiel,41.2084,-8.2829,16.12,89,37,0.43,PT,1683408422
348,gebeit,21.0667,36.3167,26.78,21,20,2.14,SD,1683408422
349,picos,-7.0769,-41.4669,28.79,53,83,3.29,BR,1683408234
350,khandyga,62.6667,135.6,1.93,94,100,4.23,RU,1683408424
351,popondetta,-8.7537,148.2534,23.49,94,7,1.19,PG,1683408424
352,panghyon-dong,39.8872,125.2414,11.01,87,100,1.35,KP,1683408425
353,vilyuchinsk,52.9306,158.4028,5.15,82,27,3.21,RU,1683408425
354,male,4.1748,73.5089,28.97,84,75,6.17,MV,1683408426
355,yokadouma,3.5167,15.05,21.97,92,99,1.69,CM,1683408426
356,juan griego,11.0817,-63.9655,29.07,65,98,10.8,VE,1683408427
357,quezon,7.7303,125.0989,22.8,95,98,0.91,PH,1683408427
358,tralee,52.2704,-9.7026,10.68,88,93,2.14,IE,1683408388
359,champerico,14.3,-91.9167,38.3,63,82,6.17,GT,1683408428
360,saint-philippe,-21.3585,55.7679,23.77,79,40,5.08,RE,1683408428
361,coquimbo,-29.9533,-71.3436,15.85,72,75,4.63,CL,1683408429
362,usogorsk,63.4106,48.6872,-2.69,91,100,4.99,RU,1683408429
363,viedma,-40.8135,-62.9967,19.82,26,0,3.98,AR,1683408429
364,rakops,-21.0167,24.3333,22.92,26,3,3.16,BW,1683408430
365,chonchi,-42.6128,-73.8092,11.56,91,100,1.79,CL,1683408430
366,lompoc,34.6391,-120.4579,22.23,70,75,5.36,US,1683408431
367,butwal,27.7006,83.4484,24.42,51,0,1.78,NP,1683408431
368,portland,45.5234,-122.6762,17.56,62,75,2.24,US,1683407901
369,kolobrzeg,54.1757,15.5834,8.97,63,100,6.37,PL,1683408432
370,govindgarh,27.5,76.9833,28.82,35,2,0.2,IN,1683408432
371,minab,27.1467,57.0801,27.66,47,0,0.6,IR,1683408432
372,ola,59.5833,151.2833,1.01,81,10,1.28,RU,1683408433
373,college,64.8569,-147.8028,10.97,41,75,5.14,US,1683408433
374,markovo,57.3206,107.0881,-2.88,99,31,1.71,RU,1683408434
375,hotan,37.0997,79.9269,10.47,22,100,6.51,CN,1683408434
376,konstantinovka,49.6167,127.9833,8.12,42,4,1.68,RU,1683408435
377,kiuruvesi,63.65,26.6167,-0.46,77,7,1.02,FI,1683408435
378,ghat,24.9647,10.1728,27.35,15,29,3.86,LY,1683408436
379,kokologo,12.1897,-1.8856,30.92,25,89,3.52,BF,1683408436
380,miguel ahumada,30.6167,-106.5167,29.72,4,98,5.55,MX,1683408436
381,pitiquito,30.7,-112.0833,29.09,13,4,5.52,MX,1683408437
382,arafat,21.3594,39.9664,29.99,20,21,2.02,SA,1683408437
383,al jawf,29.5,38.75,21.92,27,0,7.01,SA,1683408438
384,urucara,-2.5364,-57.76,27.06,89,81,1.08,BR,1683408438
385,pathein,16.7833,94.7333,28.66,75,9,5.46,MM,1683408438
386,santa croce camerina,36.8289,14.5268,12.82,87,2,1.54,IT,1683408439
387,egilsstadir,65.2653,-14.3948,8.95,76,75,5.14,IS,1683408439
388,shklow,54.2108,30.2919,0.39,58,67,2.92,BY,1683408440
389,alofi,-19.0595,-169.9187,25.94,89,100,2.06,NU,1683408440
390,hirara,24.8,125.2833,26.15,94,100,6.69,JP,1683408440
391,hargeysa,9.56,44.065,23.66,65,99,4.28,SO,1683408441
392,smara,26.7384,-11.6719,18.94,59,0,7.24,EH,1683408278
393,burnie,-41.0667,145.9167,3.3,68,2,2.55,AU,1683408442
394,saurimo,-9.6608,20.3916,20.9,69,34,1.58,AO,1683408442
395,phnom penh,11.5625,104.916,28.95,89,20,1.54,KH,1683408403
396,mhangura,-16.8939,30.1683,13.8,63,5,1.27,ZW,1683408443
397,suva,-18.1416,178.4415,24.71,94,75,3.6,FJ,1683408105
398,sinhyeon,34.8825,128.6267,12.94,82,100,8.11,KR,1683408444
399,shahrak,34.1074,64.3052,6.25,49,0,1.02,AF,1683408444
400,isangel,-19.55,169.2667,26.54,78,9,2.02,VU,1683408444
401,ta`u,-14.2336,-169.5144,27.83,73,10,4.92,AS,1683408445
402,colonia,50.9333,6.95,16.03,88,0,1.03,DE,1683408252
403,chernomorskoye,45.5039,32.6997,12.93,73,99,11.65,UA,1683408446
404,aberdeen,57.1437,-2.0981,8.7,100,100,5.14,GB,1683408328
405,jacksonville,30.3322,-81.6556,23.92,83,100,3.09,US,1683408436
406,inhumas,-16.3578,-49.4961,25.85,62,89,1.37,BR,1683408447
407,westport,41.1415,-73.3579,23.5,34,0,6.17,US,1683408447
408,dongola,19.1667,30.4833,29.52,17,22,8.18,SD,1683408448
409,pacific grove,36.6177,-121.9166,17.72,73,75,7.2,US,1683408402
410,tongchuanshi,35.0806,109.0897,9.5,92,100,1.83,CN,1683408448
411,minas de marcona,-15.2119,-75.1103,18.9,69,30,5.97,PE,1683408449
412,san julian,21.0167,-102.1667,31.78,11,30,3.88,MX,1683408450
413,palmer,42.1584,-72.3287,23.12,28,40,4.12,US,1683408177
414,howard springs,-12.497,131.047,24.95,77,12,2.97,AU,1683408450
415,bayanhongor,46.7167,100.1167,2.89,74,100,0.87,MN,1683408451
416,saldanha,-33.0117,17.9442,15.03,90,10,1.3,ZA,1683408397
417,la sarre,48.8002,-79.1996,17.37,38,61,2.5,CA,1683408452
418,semey,50.4111,80.2275,14.13,53,0,3.43,KZ,1683408452
419,port douglas,-16.4833,145.4667,24.15,86,99,3.99,AU,1683408274
420,hadibu,12.65,54.0333,28.38,79,7,2.15,YE,1683408453
421,lazaro cardenas,17.9583,-102.2,31.22,55,2,5.22,MX,1683408453
422,baykal'sk,51.5058,104.1469,5.8,65,4,4.88,RU,1683408454
423,kill devil hills,36.0307,-75.676,18.32,59,0,3.6,US,1683408454
424,livani,56.3543,26.1758,-0.34,59,4,1.09,LV,1683408455
425,anshun,26.25,105.9333,16.25,93,100,4.56,CN,1683408455
426,sol'-iletsk,51.1631,54.9918,13.89,36,3,1.05,RU,1683408456
427,camayenne,9.535,-13.6878,29.05,79,40,6.17,GN,1683408456
428,sambava,-14.2667,50.1667,23.0,88,4,3.76,MG,1683408456
429,dompu,-8.5356,118.4622,22.85,97,11,0.95,ID,1683408457
430,barroquinha,-3.0189,-41.1361,25.88,84,29,1.65,BR,1683408457
431,karratha,-20.7377,116.8463,23.74,30,97,7.01,AU,1683408458
432,goya,-29.14,-59.2626,20.73,62,81,0.84,AR,1683408459
433,jodhpur,26.2867,73.03,31.17,30,47,4.1,IN,1683408459
434,crane,31.3974,-102.3501,32.68,10,96,3.46,US,1683408459
435,basoko,1.2391,23.616,22.95,91,90,0.77,CD,1683408460
436,bakchar,57.0186,82.0711,10.99,55,67,1.71,RU,1683408460
437,el nido,11.1858,119.3956,26.89,84,100,3.69,PH,1683408461
438,lamu,-2.2717,40.902,27.12,82,8,5.25,KE,1683408461
439,nuuk,64.1835,-51.7216,1.34,80,75,7.2,GL,1683408461
440,mana,5.6592,-53.7767,27.5,78,100,4.3,GF,1683408462
441,fisterra,42.9049,-9.2629,16.68,93,99,3.77,ES,1683408462
442,amasra,41.7463,32.3863,11.26,89,48,1.31,TR,1683408462
443,solleftea,63.1667,17.2667,3.25,76,73,1.36,SE,1683408319
444,geraldton,-28.7667,114.6,18.23,68,100,7.72,AU,1683408463
445,port blair,11.6667,92.75,28.54,78,66,3.43,IN,1683408232
446,aldan,58.6031,125.3894,1.78,87,98,4.6,RU,1683408464
447,noyabrsk,63.1994,75.4507,1.14,92,100,3.88,RU,1683408464
448,rongelap,11.1635,166.8941,27.32,76,96,8.08,MH,1683408465
449,constantia,44.1833,28.65,11.5,69,18,6.4,RO,1683408465
450,beni,0.5,29.4667,16.82,98,74,1.23,CD,1683408466
451,ciutadella,40.0011,3.8414,18.45,71,100,2.94,ES,1683408466
452,sao vicente,-23.9631,-46.3919,26.1,54,100,2.57,BR,1683408466
453,rockland,41.1668,-74.0496,23.2,35,30,0.45,US,1683408467
454,tosontsengel,48.7567,98.2839,4.13,42,100,2.38,MN,1683408467
455,la ronge,55.1001,-105.2842,15.14,26,40,6.17,CA,1683408468
456,playa blanca,28.8643,-13.8281,22.11,87,5,9.55,ES,1683408468
457,qa'en,33.7265,59.1844,16.11,25,0,0.66,IR,1683408469
458,shimoda,34.6667,138.95,20.06,93,100,7.56,JP,1683408469
459,pola de lena,43.1609,-5.8288,15.02,97,76,1.24,ES,1683408470
460,suez,29.9737,32.5263,19.43,67,1,4.29,EG,1683408451
461,tofol,5.3248,163.0078,28.68,79,77,5.71,FM,1683408471
462,tazovsky,67.4667,78.7,-15.14,97,78,2.43,RU,1683408471
463,xilin hot,43.9667,116.0333,4.21,50,0,2.13,CN,1683408471
464,kangding,30.0513,101.9603,8.61,93,99,0.83,CN,1683408472
465,kruisfontein,-34.0033,24.7314,13.82,91,29,2.91,ZA,1683408472
466,nadym,65.5333,72.5167,-1.86,89,100,5.84,RU,1683408472
467,muli,2.9167,73.5667,28.98,69,100,8.06,MV,1683408473
468,kuantan,3.8077,103.326,26.06,94,20,0.51,MY,1683408328
469,vila franca do campo,37.7167,-25.4333,18.23,93,97,5.12,PT,1683408474
470,san pedro pochutla,15.7333,-96.4667,33.17,54,61,3.55,MX,1683408474
471,newnham,-41.3833,147.1333,3.39,82,16,3.6,AU,1683408474
472,charcas,23.1333,-101.1167,28.26,20,68,3.52,MX,1683408475
473,isla mujeres,21.2311,-86.731,30.09,71,62,4.74,MX,1683408475
474,tual,-5.6667,132.75,28.12,79,98,4.54,ID,1683408475
475,usinsk,65.9939,57.5281,-4.48,81,100,10.1,RU,1683408476
476,tindouf,27.6711,-8.1474,26.25,31,0,9.26,DZ,1683408476
477,san andres,12.5847,-81.7006,31.01,62,20,6.17,CO,1683408477
478,hpa-an,16.8906,97.6333,27.56,77,83,2.1,MM,1683408477
479,prado,-17.3411,-39.2208,23.99,80,0,4.03,BR,1683408477
480,taoudenni,22.6783,-3.9836,37.2,6,100,3.29,ML,1683408478
481,puerto santa,-8.9906,-78.6456,24.02,78,19,5.26,PE,1683408478
482,richards bay,-28.783,32.0377,23.54,66,77,2.72,ZA,1683408479
483,soure,-0.7167,-48.5233,26.44,85,13,4.36,BR,1683408183
484,rayadrug,14.7,76.8667,25.3,73,92,5.42,IN,1683408479
485,goondiwindi,-28.55,150.3167,15.41,36,100,1.67,AU,1683408480
486,hohhot,40.8106,111.6522,2.16,75,0,3.0,CN,1683408480
487,sanctuary point,-35.1114,150.629,13.19,82,89,3.91,AU,1683408481
488,rabo de peixe,37.8,-25.5833,17.73,94,40,5.14,PT,1683408481
489,dubbo,-32.25,148.6167,9.07,93,100,2.06,AU,1683408481
490,gaigeturi,33.4644,126.3183,15.03,94,75,9.77,KR,1683408482
491,shitanjing,39.2342,106.3439,8.65,68,96,2.01,CN,1683408482
492,coxim,-18.5067,-54.76,28.1,61,97,0.4,BR,1683408483
493,kokuy,52.2037,117.5529,4.31,46,6,1.78,RU,1683408483
494,bereznik,62.8551,42.7072,-1.81,76,100,4.46,RU,1683408484
495,zuni pueblo,35.0725,-108.8506,21.35,12,0,10.8,US,1683408484
496,cooper's town,26.8667,-77.5167,23.76,78,71,10.54,BS,1683408484
497,panaba,21.2833,-88.2667,34.59,42,28,9.56,MX,1683408485
498,colonia menno,-22.3667,-59.8167,17.55,87,100,0.75,PY,1683408485
499,ujae,8.9322,165.7642,27.64,82,69,7.81,MH,1683408486
500,nova sintra,14.8667,-24.7167,19.84,80,2,12.23,CV,1683408464
501,padangsidempuan,1.3667,99.2667,22.51,99,100,2.88,ID,1683408486
502,aripuana,-9.1667,-60.6333,25.21,95,99,0.8,BR,1683408487
503,lovington,32.944,-103.3485,31.47,9,44,1.34,US,1683408487
504,pangody,65.85,74.4859,-5.11,93,100,3.91,RU,1683408487
505,salinopolis,-0.6136,-47.3561,27.04,86,41,4.21,BR,1683408488
506,arias,-33.6441,-62.4027,13.76,88,100,2.6,AR,1683408488
507,freeport,40.6576,-73.5832,23.99,45,0,5.66,US,1683408489
508,loukhi,66.0764,33.0381,-4.1,99,63,1.24,RU,1683408489
509,labrador city,52.9463,-66.9114,12.95,35,75,8.23,CA,1683408490
510,poshekhon'ye,58.4993,39.1353,-2.02,84,30,2.94,RU,1683408490
511,zhangye,38.9342,100.4517,8.35,59,100,5.62,CN,1683408490
512,anna regina,7.2644,-58.5077,27.74,72,75,3.55,GY,1683408491
513,cherdyn',60.403,56.4787,5.85,89,100,3.77,RU,1683408491
514,grande prairie,55.1667,-118.8027,20.1,22,20,11.32,CA,1683408346
515,las khorey,11.1595,48.1967,30.92,69,100,0.27,SO,1683408492
516,gantang,26.92,119.6333,21.5,98,93,0.42,CN,1683408493
517,arkhangel'sk,64.5401,40.5433,-3.68,87,67,2.15,RU,1683408204
518,omaruru,-21.4333,15.9333,17.81,46,56,1.86,NA,1683408493
519,sinan,34.8262,126.1086,14.06,91,100,2.74,KR,1683408494
520,buala,-8.145,159.5921,28.3,78,33,2.54,SB,1683408318
521,bata,1.8639,9.7658,25.98,85,100,1.25,GQ,1683408495
522,kismayo,-0.3582,42.5454,26.81,80,0,5.03,SO,1683408495
523,brookings,44.3114,-96.7984,23.03,57,75,8.23,US,1683408495
524,newman,37.3138,-121.0208,21.7,45,98,2.24,US,1683408496
525,gaya,24.7833,85.0,23.95,60,0,1.03,IN,1683408496
526,stephenville,32.2207,-98.2023,32.74,57,40,5.14,US,1683408502
527,mata-utu,-13.2816,-176.1745,28.58,74,5,4.98,WF,1683408502
528,sitamau,24.0167,75.35,29.83,38,97,4.42,IN,1683408503
529,mogadishu,2.0371,45.3438,27.42,82,18,7.94,SO,1683408503
530,dhidhdhoo,6.8833,73.1,29.06,73,100,6.8,MV,1683408503
531,port shepstone,-30.7414,30.455,21.87,67,100,1.62,ZA,1683408504
532,batang,-6.4846,110.7083,26.06,83,85,1.62,ID,1683408504
533,prince rupert,54.3161,-130.3201,10.05,81,100,4.63,CA,1683408505
534,jerez de la frontera,36.6865,-6.1361,19.86,81,0,5.66,ES,1683408505
535,edd,13.9297,41.6925,31.76,59,100,2.8,ER,1683408505
536,taksimo,56.3444,114.8794,3.86,79,100,1.93,RU,1683408506
537,kununurra,-15.7667,128.7333,25.99,44,29,5.14,AU,1683408506
538,al kharj,24.155,47.3346,29.32,17,22,5.12,SA,1683408507
539,annau,37.8876,58.516,18.72,48,20,5.14,TM,1683408507
540,jwaneng,-24.6004,24.7303,19.81,34,29,4.2,BW,1683408508
541,labuan,5.2767,115.2417,26.2,89,20,1.03,MY,1683408508
542,dondo,-19.6094,34.7431,21.73,88,0,1.65,MZ,1683408508
543,chibougamau,49.9168,-74.3659,17.79,27,40,5.66,CA,1683408509
544,santana,-0.0583,-51.1817,29.1,84,40,5.14,BR,1683408509
545,holualoa,19.6228,-155.9522,25.91,81,40,5.14,US,1683408510
546,acapulco de juarez,16.8634,-99.8901,31.9,70,0,4.12,MX,1683408247
547,fallon,39.4735,-118.7774,13.29,59,75,3.6,US,1683408510
548,maues,-3.3836,-57.7186,26.54,91,81,1.09,BR,1683408511
549,grand-bassam,5.2118,-3.7388,28.98,80,56,2.5,CI,1683408512
550,mazagao,-0.115,-51.2894,29.03,85,24,1.58,BR,1683408512
551,okha,53.5739,142.9478,0.87,79,52,3.9,RU,1683408512
552,nar'yan-mar,67.6713,53.087,-8.97,96,11,4.09,RU,1683408513
553,guiuan,11.0333,125.7247,28.18,73,26,2.34,PH,1683408513
